id,name,symbol,high,low,percentageChange,change,price,quantity,issueDate,sharevolume,tradevolume,turnover,lastTradedTime,marketCap,marketCapPercentage,issuedQTY,date_scraped
297,JOHN KEELLS HOLDINGS PLC,JKH.N0000,20.5,19.5,4.6875,0.9,20.1,14000.0,23/OCT/1986,12240024.0,722.0,243327524.1,1744266237668.0,354255067080.3,6.3274245,17624630203,2025-04-10
410,L O L C HOLDINGS PLC,LOLC.N0000,599.0,559.75,8.685555039479796,46.75,585.0,636.0,01/JAN/1982,54564.0,188.0,31675625.75,1744266165911.0,277992000000.0,4.965274,475200000,2025-04-10
381,CEYLON TOBACCO COMPANY PLC,CTC.N0000,1384.5,1348.0,3.852080123266564,50.0,1348.0,12.0,01/JAN/1955,4153.0,59.0,5652966.25,1744265873409.0,252512416348.0,4.5101776,187323751,2025-04-10
208,COMMERCIAL BANK OF CEYLON PLC,COMB.N0000,145.0,136.0,11.937377690802348,15.25,143.0,10.0,01/JAN/1970,3144276.0,607.0,442198406.75,1744266170431.0,216725322385.0,3.870977,1515561695,2025-04-10
1847,LOLC FINANCE PLC,LOFC.N0000,6.0,5.8,5.357142857142857,0.3,5.9,20.0,07/JUL/2011,2436627.0,109.0,14366941.3,1744266206779.0,195167352564.1,3.4859254,33079212299,2025-04-10
68,DISTILLERIES COMPANY OF SRI LANKA PLC,DIST.N0000,36.8,35.5,5.780346820809249,2.0,36.6,450.0,10/AUG/1992,541357.0,85.0,19379199.5,1744266263692.0,168360000000.0,3.0071135,4600000000,2025-04-10
3695,MELSTACORP PLC,MELS.N0000,140.0,125.0,6.882591093117409,8.5,132.0,1.0,30/DEC/2016,318132.0,87.0,41476122.25,1744266281604.0,153832413504.0,2.7476332,1165397072,2025-04-10
172,HATTON NATIONAL BANK PLC,HNB.N0000,312.0,292.0,11.716621253405995,32.25,307.5,50.0,01/JAN/1971,1517986.0,459.0,460545501.0,1744266278343.0,140210305755.0,2.5043259,455968474,2025-04-10
266,SAMPATH BANK PLC,SAMP.N0000,115.0,110.25,10.096153846153847,10.5,114.5,2000.0,10/JUN/1987,4985362.0,1124.0,562154650.0,1744266281342.0,134274237020.0,2.3983006,1172700760,2025-04-10
471,DIALOG AXIATA PLC,DIAL.N0000,14.0,13.7,2.2058823529411766,0.3,13.9,2400.0,28/JUL/2005,628198.0,97.0,8718658.7,1744266258542.0,127884656416.6,2.284175,9200334994,2025-04-10
551,CARGILLS (CEYLON) PLC,CARG.N0000,439.0,435.0,-0.3436426116838488,-1.5,435.0,1.0,01/JAN/1946,315.0,14.0,137073.5,1744265630032.0,112089812985.0,2.00206,257677731,2025-04-10
556,SRI LANKA TELECOM PLC,SLTL.N0000,61.0,59.0,2.9159519725557463,1.7,60.0,20.0,14/JAN/2003,32826.0,41.0,1967894.2,1744266022694.0,108291600000.0,1.9342191,1804860000,2025-04-10
1851,BROWNS INVESTMENTS PLC,BIL.N0000,7.4,7.1,8.823529411764707,0.6,7.4,50.0,26/JUL/2011,13977988.0,458.0,101668802.1,1744266233611.0,106335909204.0,1.8992882,14369717460,2025-04-10
415,LION BREWERY (CEYLON) PLC,LION.N0000,1289.5,1289.5,0.0,0.0,1289.5,5.0,22/JAN/1997,35.0,5.0,45132.5,1744263460037.0,103160000000.0,1.8425626,80000000,2025-04-10
175,HAYLEYS PLC,HAYL.N0000,139.0,134.5,5.5876685934489405,7.25,137.0,200.0,01/JAN/1953,697864.0,254.0,95355245.75,1744266249703.0,102750000000.0,1.8352395,750000000,2025-04-10
336,CARSON CUMBERBATCH PLC,CARS.N0000,430.0,429.5,2.380952380952381,10.0,430.0,1.0,01/JAN/1967,340.0,3.0,146030.5,1744258780543.0,84446373020.0,1.5083145,196386914,2025-04-10
426,CEYLON COLD STORES PLC,CCS.N0000,85.0,81.0,4.010025062656641,3.2,83.0,200.0,01/JAN/1970,186633.0,76.0,15204071.8,1744266117355.0,78883200000.0,1.4089495,950400000,2025-04-10
510,C T HOLDINGS PLC,CTHR.N0000,,,0.0,0.0,386.5,,01/JAN/1928,,,,,77843796997.0,1.3903846,201406978,2025-04-10
165,BUKIT DARAH PLC,BUKI.N0000,702.0,700.0,0.0,0.0,700.0,16.0,01/JAN/1970,460.0,6.0,322120.0,1744259869374.0,71400000000.0,1.2752905,102000000,2025-04-10
1848,VALLIBEL ONE PLC,VONE.N0000,63.9,61.0,5.442176870748299,3.2,62.0,6.0,08/JUL/2011,369749.0,170.0,22900526.7,1744266198619.0,70612769928.0,1.2612296,1138915644,2025-04-10
325,HEMAS HOLDINGS PLC,HHL.N0000,120.0,114.0,4.47427293064877,5.0,116.75,179.0,15/OCT/2003,665745.0,105.0,78005405.5,1744266044692.0,69735638950.0,1.245563,597307400,2025-04-10
553,LANKA IOC PLC,LIOC.N0000,128.0,125.25,2.6262626262626263,3.25,127.0,100.0,22/DEC/2004,288618.0,144.0,36650596.0,1744265913405.0,67623144535.0,1.2078313,532465705,2025-04-10
91,CEYLINCO HOLDINGS PLC,CINS.N0000,3100.0,3100.0,6.896551724137931,200.0,3100.0,10.0,21/APR/1988,10.0,1.0,31000.0,1744257735865.0,62000000000.0,1.1073952,20000000,2025-04-10
9,NATIONS TRUST BANK PLC,NTB.N0000,195.0,187.0,9.476661951909477,16.75,193.5,25.0,03/MAY/1999,326816.0,90.0,62489476.5,1744266107517.0,55344078004.5,0.9885123,286015907,2025-04-10
560,CEYLON BEVERAGE HOLDINGS PLC,BREW.N0000,2695.0,2579.0,4.564649105167907,113.5,2600.0,50.0,01/JAN/1970,106.0,8.0,277184.0,1744263751637.0,54569034000.0,0.97466904,20988090,2025-04-10
511,RICHARD PIERIS AND COMPANY PLC,RICH.N0000,25.9,25.0,2.0,0.5,25.5,150.0,01/JAN/1951,46991.0,23.0,1196730.7,1744265680005.0,51893476012.5,0.92688036,2035038275,2025-04-10
343,AITKEN SPENCE PLC,SPEN.N0000,128.0,125.0,1.0101010101010102,1.25,125.0,20000.0,01/JAN/1983,140846.0,61.0,17611727.0,1744265099994.0,50749505625.0,0.90644765,405996045,2025-04-10
322,LB FINANCE PLC,LFIN.N0000,89.0,87.0,2.7154663518299884,2.3,87.0,3.0,30/DEC/1997,37290.0,52.0,3270946.3,1744265826091.0,48202970832.0,0.86096346,554057136,2025-04-10
239,DFCC BANK PLC,DFCC.N0000,109.0,103.0,10.051546391752577,9.75,106.75,5.0,01/JAN/1956,713197.0,324.0,75094257.0,1744266268821.0,46799653687.5,0.8358985,438404250,2025-04-10
77,NATIONAL DEVELOPMENT BANK PLC,NDB.N0000,110.0,104.0,7.3219658976930795,7.3,107.0,100.0,26/APR/1993,384983.0,257.0,41037586.0,1744266268272.0,45597653672.0,0.81442934,426146296,2025-04-10
447,CENTRAL FINANCE COMPANY PLC,CFIN.N0000,194.0,185.0,7.890961262553802,13.75,188.0,500.0,01/JAN/1969,187306.0,122.0,35361980.5,1744266263199.0,42742638856.0,0.7634353,227354462,2025-04-10
238,SUNSHINE HOLDINGS PLC,SUN.N0000,22.0,21.1,6.372549019607843,1.3,21.7,1.0,01/JAN/1983,208857.0,111.0,4481315.5,1744266217370.0,42703310997.2,0.76273286,1967894516,2025-04-10
503,ROYAL CERAMICS LANKA PLC,RCL.N0000,38.5,37.5,5.21978021978022,1.9,38.3,495.0,03/MAY/1994,998268.0,173.0,37931641.1,1744266233918.0,42432334072.0,0.7578929,1107893840,2025-04-10
2065,ACCESS ENGINEERING PLC,AEL.N0000,39.8,38.3,6.557377049180328,2.4,39.0,6850.0,27/MAR/2012,2592812.0,240.0,100136545.5,1744266198402.0,39000000000.0,0.69658726,1000000000,2025-04-10
512,SINGER (SRI LANKA) PLC,SINS.N0000,33.5,31.9,6.840390879478828,2.1,32.8,500.0,01/JAN/1981,130620.0,24.0,4288193.1,1744265812414.0,38297867513.6,0.6840463,1167617912,2025-04-10
1968,PEOPLE'S LEASING & FINANCE PLC,PLC.N0000,17.9,17.1,4.790419161676646,0.8,17.5,5000.0,24/NOV/2011,5294813.0,81.0,92640446.9,1744265777042.0,37701575625.0,0.6733958,2154375750,2025-04-10
25,BROWN & COMPANY PLC,BRWN.N0000,185.5,166.25,9.394904458598726,14.75,171.75,50.0,25/APR/1991,115896.0,132.0,20586899.0,1744265982917.0,36518343750.0,0.65226185,212625000,2025-04-10
1789,SENKADAGALA FINANCE COMPANY PLC,SFCL.N0000,,,0.0,0.0,410.25,,22/MAR/2011,,,,,35396301898.5,0.63222086,86279834,2025-04-10
486,PGP GLASS CEYLON PLC,GLAS.N0000,37.2,36.9,0.27100271002710025,0.1,37.0,1.0,05/SEP/1994,11280.0,14.0,417260.4,1744265522479.0,35153184960.0,0.6278785,950086080,2025-04-10
162,C I C HOLDINGS PLC,CIC.N0000,120.0,115.0,4.656319290465632,5.25,118.0,53.0,11/OCT/1964,73601.0,44.0,8695499.0,1744266274153.0,34408800000.0,0.61458284,291600000,2025-04-10
1854,TEEJAY LANKA PLC,TJL.N0000,48.0,46.0,8.695652173913043,3.8,47.5,5000.0,09/AUG/2011,2054832.0,211.0,95675620.8,1744266229190.0,34269242555.0,0.6120902,721457738,2025-04-10
4887,WINDFORCE PLC,WIND.N0000,25.0,24.5,2.8925619834710745,0.7,24.9,140.0,22/APR/2021,4740.0,12.0,117981.0,1744266246493.0,33634146655.8,0.60074663,1350768942,2025-04-10
131,CHEVRON LUBRICANTS  LANKA  PLC,LLUB.N0000,142.0,139.0,4.477611940298507,6.0,140.0,50.0,14/OCT/1996,198736.0,108.0,27824715.25,1744265916490.0,33600000000.0,0.6001367,240000000,2025-04-10
354,PALM GARDEN HOTELS PLC,PALM.N0000,70.0,68.0,1.1730205278592376,0.8,69.0,25.0,08/MAR/1993,8932.0,9.0,615160.0,1744265817886.0,32839653000.0,0.586556,475937000,2025-04-10
425,UNION ASSURANCE PLC,UAL.N0000,54.9,52.0,4.901960784313726,2.5,53.5,1.0,29/JUL/1988,78468.0,60.0,4141552.9,1744265455431.0,31526786020.0,0.5631066,589285720,2025-04-10
399,DIPPED PRODUCTS PLC,DIPD.N0000,53.0,49.9,10.278372591006423,4.8,51.5,100.0,01/JAN/1982,2477004.0,458.0,125877151.1,1744266098523.0,30828678680.0,0.55063754,598615120,2025-04-10
340,HATTON NATIONAL BANK PLC,HNB.X0000,264.75,246.25,9.58904109589041,22.75,260.0,10.0,01/JAN/1971,81181.0,117.0,20831702.0,1744266071113.0,30121707720.0,0.5380102,115852722,2025-04-10
225,ASIRI HOSPITAL HOLDINGS PLC,ASIR.N0000,26.6,25.5,1.9607843137254901,0.5,26.0,3.0,01/JUN/1986,514.0,6.0,13279.6,1744260819492.0,29575873496.0,0.52826095,1137533596,2025-04-10
104,JOHN KEELLS HOTELS PLC,KHL.N0000,20.6,20.0,1.5151515151515151,0.3,20.1,95.0,17/SEP/2004,117239.0,43.0,2377731.3,1744266263861.0,29268550278.0,0.5227718,1456146780,2025-04-10
387,OVERSEAS REALTY (CEYLON) PLC,OSEA.N0000,23.5,22.6,2.1739130434782608,0.5,23.5,1000.0,01/JAN/1982,317342.0,63.0,7301152.1,1744264457749.0,29211195177.0,0.52174735,1243029582,2025-04-10
472,ACL CABLES PLC,ACL.N0000,124.0,121.0,3.8626609442060085,4.5,121.0,17424.0,01/JAN/1976,89293.0,80.0,10896023.25,1744266158159.0,28988541120.0,0.51777047,239574720,2025-04-10
148,WATAWALA  PLANTATIONS  PLC,WATA.N0000,28.4,27.8,3.676470588235294,1.0,28.2,20000.0,01/DEC/1997,350690.0,114.0,9824524.2,1744266268113.0,28666517253.0,0.51201874,1016543165,2025-04-10
121,AMBEON HOLDINGS PLC,GREG.N0000,81.9,76.1,1.8494055482166447,1.4,77.1,1.0,01/JAN/1970,577.0,9.0,46847.3,1744263356287.0,27514651248.6,0.491445,356869666,2025-04-10
144,AITKEN SPENCE HOTEL HOLDINGS PLC,AHUN.N0000,84.0,78.0,2.727272727272727,2.1,79.1,100.0,01/JAN/1980,26524.0,55.0,2101611.3,1744266268294.0,26600539791.0,0.47511786,336290010,2025-04-10
2145,AMBEON CAPITAL PLC,TAP.N0000,27.0,25.8,4.0,1.0,26.0,426.0,17/MAY/2012,165155.0,68.0,4313828.5,1744265799110.0,26070845190.0,0.46565688,1002724815,2025-04-10
6172,DIGITAL MOBILITY SOLUTIONS LANKA PLC,PKME.N0000,74.0,71.5,4.113475177304965,2.9,73.4,100.0,03/OCT/2024,152362.0,66.0,11120058.2,1744265808421.0,24465957598.2,0.43699163,333323673,2025-04-10
31,HAYCARB PLC,HAYC.N0000,81.5,78.5,2.4643320363164722,1.9,79.0,150.0,01/JAN/1975,153640.0,71.0,12271333.4,1744266119577.0,23472776250.0,0.41925222,297123750,2025-04-10
143,ASIAN HOTELS AND PROPERTIES PLC,AHPL.N0000,53.5,51.7,1.744186046511628,0.9,52.5,105.0,30/JAN/2004,7820.0,14.0,407837.2,1744266093248.0,23245703250.0,0.41519642,442775300,2025-04-10
327,DILMAH CEYLON TEA COMPANY PLC,CTEA.N0000,1100.0,1090.0,-0.8414828292017285,-9.25,1090.0,9.0,01/JAN/1982,129.0,3.0,141810.0,1744264457043.0,22603875000.0,0.4037326,20737500,2025-04-10
118,SOFTLOGIC LIFE INSURANCE PLC,AAIC.N0000,71.4,69.1,5.0,3.4,71.4,200.0,24/NOV/2000,359322.0,88.0,25457706.4,1744265960069.0,22591406250.0,0.40350989,316406250,2025-04-10
411,TOKYO CEMENT COMPANY (LANKA) PLC,TKYO.N0000,76.0,73.5,4.225352112676056,3.0,74.0,5771.0,01/JAN/1984,251376.0,44.0,18544981.2,1744265757864.0,21758220000.0,0.38862815,294030000,2025-04-10
348,EDEN HOTEL LANKA PLC,EDEN.N0000,13.7,13.5,2.2388059701492535,0.3,13.7,2500.0,13/DEC/1993,65598.0,27.0,892154.7,1744264078091.0,21700800000.0,0.38760257,1584000000,2025-04-10
42,SEYLAN BANK PLC,SEYB.N0000,69.5,67.2,6.790123456790123,4.4,69.2,100.0,05/JAN/1989,146482.0,83.0,9980937.9,1744265982002.0,21122396040.4,0.3772716,305236937,2025-04-10
276,HUNAS HOLDINGS PLC,HUNA.N0000,23.5,22.9,2.6200873362445414,0.6,23.5,50.0,18/OCT/1993,51.0,2.0,1197.9,1744263797454.0,19952205000.0,0.35637057,849030000,2025-04-10
1798,COMMERCIAL CREDIT AND FINANCE PLC,COCR.N0000,60.0,58.2,3.1746031746031744,1.8,58.5,101.0,01/JUN/2011,325276.0,97.0,19145807.9,1744265595229.0,18607350352.5,0.3323498,318074365,2025-04-10
331,HAYLEYS FABRIC PLC,MGT.N0000,46.2,43.0,17.2972972972973,6.4,43.4,493.0,23/APR/2003,2817338.0,461.0,123232851.8,1744266246879.0,18031909078.4,0.32207173,415481776,2025-04-10
5293,CAPITAL ALLIANCE PLC,CALT.N0000,54.9,52.3,5.009633911368016,2.6,54.5,80.0,15/DEC/2021,145283.0,142.0,7783886.7,1744266246134.0,17953274678.0,0.32066724,329417884,2025-04-10
40,THE LANKA HOSPITALS CORPORATION PLC,LHCL.N0000,79.9,77.5,2.5974025974025974,2.0,79.0,3056.0,10/JAN/2003,10101.0,11.0,798031.5,1744262417843.0,17674841351.0,0.3156941,223732169,2025-04-10
518,LANKA MILK FOODS (CWE) PLC,LMF.N0000,44.5,42.5,4.878048780487805,2.0,43.0,282.0,01/JAN/1983,40906.0,55.0,1773009.5,1744266062504.0,17199140000.0,0.30719748,399980000,2025-04-10
941,JANASHAKTHI INSURANCE PLC,JINS.N0000,76.0,74.5,4.3115438108484,3.1,75.0,1.0,21/JUL/2008,248314.0,188.0,18651896.3,1744266241068.0,16989461475.0,0.30345237,226526153,2025-04-10
213,SEYLAN BANK PLC,SEYB.X0000,50.5,48.5,7.956989247311828,3.7,50.2,10.0,05/JAN/1989,261565.0,122.0,12981025.4,1744266278176.0,16586601979.6,0.2962568,330410398,2025-04-10
105,PAN ASIA BANKING CORPORATION PLC,PABC.N0000,35.9,34.6,8.0,2.6,35.1,300.0,05/APR/2005,1265097.0,249.0,44321680.4,1744266166611.0,15533913177.9,0.2774545,442561629,2025-04-10
5330,First Capital Treasuries PLC,FCT.N0000,24.0,23.2,3.4782608695652173,0.8,23.8,190.0,02/MAR/2015,36328.0,28.0,859230.2,1744266142744.0,14651280000.0,0.2616896,615600000,2025-04-10
525,THE COLOMBO FORT LAND AND BUILDING PLC,CFLB.N0000,60.6,55.1,-0.8333333333333334,-0.5,59.5,2.0,01/JAN/1970,124.0,7.0,7457.5,1744262281043.0,14280000000.0,0.2550581,240000000,2025-04-10
1630,CITIZENS DEVELOPMENT BUSINESS FINANCE PLC,CDB.N0000,238.75,230.0,1.7699115044247788,4.0,230.0,159.0,06/OCT/2010,2123.0,8.0,488587.5,1744260740328.0,13916553420.0,0.24856651,60506754,2025-04-10
5127,JAT HOLDINGS PLC,JAT.N0000,27.8,26.0,5.058365758754864,1.3,27.0,3217.0,12/AUG/2021,260091.0,60.0,7010049.8,1744266086208.0,13781009871.0,0.24614553,510407773,2025-04-10
528,FIRST CAPITAL HOLDINGS PLC,CFVF.N0000,34.5,33.9,1.492537313432836,0.5,34.0,100.0,22/AUG/1994,199238.0,142.0,6783927.3,1744266241688.0,13770000000.0,0.24594888,405000000,2025-04-10
67,LANKA WALLTILE PLC,LWL.N0000,51.0,49.3,3.7344398340248963,1.8,50.0,846.0,13/JUN/1994,37497.0,45.0,1892956.9,1744266088776.0,13650000000.0,0.24380554,273000000,2025-04-10
337,LANKA TILES PLC,TILE.N0000,53.1,51.3,4.259634888438134,2.1,51.4,20.0,01/JUN/1986,14882.0,32.0,777122.6,1744266134774.0,13633955370.0,0.24351896,265252050,2025-04-10
1563,VALLIBEL FINANCE PLC,VFIN.N0000,58.0,57.0,4.545454545454546,2.5,57.5,86.0,04/MAY/2010,52216.0,54.0,3005077.8,1744265680831.0,13538570500.0,0.24181527,235453400,2025-04-10
3046,AMANA BANK PLC,ABL.N0000,23.1,22.6,0.0,0.0,23.1,1807.0,29/JAN/2014,12122.0,16.0,276941.2,1744264735300.0,12731004732.6,0.22739117,551125746,2025-04-10
3815,R I L PROPERTY PLC,RIL.N0000,15.9,15.3,5.369127516778524,0.8,15.7,20000.0,04/MAY/2017,1376191.0,124.0,21431911.7,1744266181726.0,12560000000.0,0.22433682,800000000,2025-04-10
300,VIDULLANKA PLC,VLL.N0000,13.4,13.2,2.3255813953488373,0.3,13.2,1000.0,10/JUN/2005,4240.0,5.0,56116.0,1744265960425.0,12475051063.2,0.22281952,945079626,2025-04-10
389,KOTMALE HOLDINGS PLC,LAMB.N0000,,,0.0,0.0,395.0,,01/JAN/1969,,,,,12403000000.0,0.22153261,31400000,2025-04-10
196,CEYLON GUARDIAN INVESTMENT TRUST PLC,GUAR.N0000,152.0,151.0,2.7027027027027026,4.0,152.0,317.0,01/JAN/1951,2251.0,8.0,342147.0,1744263963717.0,12168814632.0,0.21734977,80057991,2025-04-10
439,MALWATTE VALLEY PLANTATION PLC,MAL.N0000,,,0.0,0.0,58.8,,26/JUL/2000,,,,,11924189062.8,0.21298046,202792331,2025-04-10
74,CEYLON GRAIN ELEVATORS PLC,GRAN.N0000,192.0,182.5,3.2967032967032965,6.0,188.0,100.0,01/JAN/1984,9784.0,33.0,1835594.75,1744265982880.0,11280000000.0,0.20147447,60000000,2025-04-10
1790,UNION BANK OF COLOMBO PLC,UBC.N0000,10.4,9.6,6.185567010309279,0.6,10.3,500.0,29/MAR/2011,37179.0,16.0,362552.1,1744263307105.0,11160650881.4,0.19934274,1083558338,2025-04-10
279,KELANI CABLES PLC,KCAB.N0000,519.0,500.0,4.938271604938271,24.0,510.0,157.0,01/JAN/1974,31923.0,25.0,16301763.25,1744265792065.0,11118000000.0,0.19858095,21800000,2025-04-10
5,HNB ASSURANCE PLC,HASU.N0000,73.5,72.0,4.85021398002853,3.4,73.5,1000.0,28/NOV/2003,12153.0,21.0,887097.2,1744264533223.0,11025000000.0,0.19691986,150000000,2025-04-10
4986,PRIME LANDS RESIDENCIES PLC,PLR.N0000,12.0,11.2,7.339449541284404,0.8,11.7,75000.0,08/JUN/2021,5316203.0,178.0,61538791.1,1744266268202.0,10968750000.0,0.19591516,937500000,2025-04-10
4077,NATIONS TRUST BANK PLC,NTB.X0000,263.5,243.5,0.10277492291880781,0.25,243.5,756.0,03/MAY/1999,810.0,4.0,197284.5,1744262655230.0,10865353512.5,0.19406837,44621575,2025-04-10
396,COMMERCIAL BANK OF CEYLON PLC,COMB.X0000,118.25,110.5,8.571428571428571,9.0,114.0,250.0,01/JAN/1970,213472.0,163.0,24013112.5,1744266187999.0,10839824292.0,0.1936124,95086178,2025-04-10
1849,SOFTLOGIC HOLDINGS PLC,SHL.N0000,7.3,7.0,4.285714285714286,0.3,7.3,2.0,12/JUL/2011,11837.0,20.0,84614.1,1744266246407.0,10185383246.7,0.18192329,1395257979,2025-04-10
1724,LAUGFS GAS PLC,LGL.N0000,30.0,27.4,3.4602076124567476,1.0,29.9,140.0,08/DEC/2010,101293.0,14.0,2788572.8,1744264893739.0,10016502571.4,0.17890687,335000086,2025-04-10
375,DIESEL & MOTOR ENGINEERING PLC,DIMO.N0000,1078.0,1025.0,1.8095238095238095,19.0,1069.0,10.0,01/JAN/1964,6458.0,62.0,6844131.25,1744265948960.0,9868467086.0,0.17626278,9231494,2025-04-10
473,VALLIBEL POWER ERATHNA PLC,VPEL.N0000,13.2,12.8,3.2,0.4,12.9,31538.0,16/MAY/2006,382549.0,65.0,4960089.6,1744265775296.0,9637715529.9,0.17214127,747109731,2025-04-10
15,TOKYO CEMENT COMPANY (LANKA) PLC,TKYO.X0000,64.0,62.5,3.9867109634551494,2.4,62.6,25.0,01/JAN/1984,39418.0,29.0,2480500.4,1744264555698.0,9203139000.0,0.16437921,147015000,2025-04-10
291,NAMUNUKULA PLANTATIONS PLC,NAMU.N0000,390.25,384.75,3.0100334448160537,11.25,385.0,122.0,10/MAR/1999,1834.0,6.0,714726.0,1744261676360.0,9143750000.0,0.16331846,23750000,2025-04-10
3082,ALUMEX PLC,ALUM.N0000,15.2,14.7,5.673758865248227,0.8,14.9,100.0,31/MAR/2014,715735.0,116.0,10719041.4,1744266151378.0,8919224632.0,0.15930815,598605680,2025-04-10
329,THE KANDY HOTELS COMPANY (1938) PLC,KHC.N0000,11.9,11.8,-0.8403361344537815,-0.1,11.8,20.0,01/JAN/1970,4375.0,11.0,51950.0,1744266208812.0,8900849185.4,0.15897995,754309253,2025-04-10
262,UNITED MOTORS LANKA PLC,UML.N0000,90.0,87.0,1.1627906976744187,1.0,87.0,10.0,05/DEC/1989,1183.0,5.0,106390.5,1744262335030.0,8778354462.0,0.15679204,100900626,2025-04-10
116,GALADARI HOTELS (LANKA) PLC,GHLL.N0000,17.5,16.8,5.454545454545454,0.9,17.4,4.0,01/JAN/1970,2081.0,16.0,35495.6,1744266233858.0,8714434413.6,0.15565036,500829564,2025-04-10
5355,LOLC GENERAL INSURANCE PLC,LGIL.N0000,7.4,7.1,4.3478260869565215,0.3,7.2,8.0,31/DEC/2021,89670.0,45.0,648245.0,1744266198552.0,8640000000.0,0.15432087,1200000000,2025-04-10
115,ELPITIYA PLANTATIONS PLC,ELPL.N0000,118.0,115.25,5.133928571428571,5.75,117.75,1.0,08/DEC/2000,331.0,16.0,38324.5,1744266053789.0,8580021897.0,0.15324959,72866428,2025-04-10
26,E B CREASY & COMPANY PLC,EBCR.N0000,34.0,33.2,2.4464831804281344,0.8,33.5,2848.0,01/JAN/1968,8219.0,19.0,275976.8,1744266004684.0,8493784300.0,0.15170927,253545800,2025-04-10
142,SIERRA CABLES PLC,SIRA.N0000,16.0,15.5,6.756756756756757,1.0,15.8,5.0,22/NOV/2005,738519.0,95.0,11687517.3,1744266229233.0,8492696394.0,0.15168984,537512430,2025-04-10
981,CEYLINCO HOLDINGS PLC,CINS.X0000,1329.75,1250.0,4.0,50.0,1300.0,2.0,21/APR/1988,433.0,12.0,544049.75,1744264373401.0,8338824000.0,0.1489415,6414480,2025-04-10
499,TRANS ASIA HOTELS PLC,TRAN.N0000,40.9,39.5,3.5623409669211195,1.4,40.7,1.0,01/JAN/1983,5014.0,8.0,200129.6,1744266093544.0,8140000000.0,0.14539026,200000000,2025-04-10
1799,MERCANTILE INVESTMENTS AND FINANCE PLC,MERC.N0000,,,0.0,0.0,2600.0,,02/JUN/2011,,,,,7815600000.0,0.13959609,3006000,2025-04-10
167,HARISCHANDRA MILLS PLC,HARI.N0000,,,0.0,0.0,4000.0,,01/JAN/1983,,,,,7678400000.0,0.13714552,1919600,2025-04-10
230,NAWALOKA HOSPITALS PLC,NHL.N0000,5.5,5.3,1.8867924528301887,0.1,5.4,50.0,09/SEP/2004,95364.0,18.0,517532.5,1744264389722.0,7611330218.4,0.13594759,1409505596,2025-04-10
5852,CARGILLS BANK PLC,CBNK.N0000,8.1,8.0,2.5641025641025643,0.2,8.0,235.0,09/JAN/2024,62856.0,19.0,509058.1,1744265167504.0,7565142864.0,0.13512261,945642858,2025-04-10
93,THREE ACRE FARMS PLC,TAFL.N0000,317.5,295.5,4.8346055979643765,14.25,309.0,100.0,20/MAR/1995,1291.0,17.0,394268.5,1744266239393.0,7275405000.0,0.12994754,23545000,2025-04-10
328,C I C HOLDINGS PLC,CIC.X0000,81.0,79.0,5.2631578947368425,4.0,80.0,1.0,11/OCT/1964,368233.0,89.0,29564512.6,1744266185506.0,6998400000.0,0.1249999,87480000,2025-04-10
4019,JETWING SYMPHONY PLC,JETS.N0000,12.0,11.4,2.6785714285714284,0.3,11.5,8973.0,05/JAN/2018,59171.0,26.0,697637.5,1744264435712.0,6925168428.5,0.1236919,602188559,2025-04-10
133,CEYLON INVESTMENT PLC,CINV.N0000,72.0,70.0,4.790419161676646,3.2,70.0,2192.0,01/JAN/1949,18992.0,22.0,1342640.0,1744264901898.0,6804052010.0,0.12152861,97200743,2025-04-10
163,AGALAWATTE  PLANTATIONS  PLC,AGAL.N0000,44.0,41.3,5.084745762711864,2.1,43.4,577.0,22/JAN/1996,29924.0,43.0,1274687.8,1744264717802.0,6781250000.0,0.12112134,156250000,2025-04-10
5753,Agarapatana Plantations PLC,AGPL.N0000,13.4,13.2,2.3076923076923075,0.3,13.3,18000.0,04/SEP/2023,164485.0,69.0,2181470.9,1744266183806.0,6650000000.0,0.11877706,500000000,2025-04-10
477,TALAWAKELLE TEA ESTATES PLC,TPL.N0000,142.0,140.0,2.18978102189781,3.0,140.0,1.0,11/JAN/2000,4503.0,19.0,636270.0,1744264918098.0,6650000000.0,0.11877706,47500000,2025-04-10
4058,HATTON PLANTATIONS PLC,HPL.N0000,28.0,27.8,3.7037037037037037,1.0,28.0,50.0,02/FEB/2018,1450.0,5.0,40320.0,1744262784606.0,6626666788.0,0.118360296,236666671,2025-04-10
4680,HNB FINANCE PLC,HNBF.N0000,4.0,3.8,2.7027027027027026,0.1,3.8,801.0,08/JAN/2020,362470.0,52.0,1413542.9,1744265786834.0,6526506030.6,0.11657131,1717501587,2025-04-10
82,KELANI TYRES PLC,TYRE.N0000,81.0,79.4,3.717948717948718,2.9,80.9,11.0,28/JAN/1994,3074.0,22.0,248410.6,1744264698685.0,6504360000.0,0.11617575,80400000,2025-04-10
119,SWISSTEK (CEYLON) PLC,PARQ.N0000,47.5,45.5,4.545454545454546,2.0,46.0,5000.0,01/JAN/1983,464793.0,149.0,21534140.4,1744266249625.0,6295560000.0,0.11244633,136860000,2025-04-10
395,ALLIANCE FINANCE COMPANY PLC,ALLI.N0000,182.0,177.0,5.660377358490566,9.75,182.0,100.0,01/JAN/1959,25084.0,90.0,4505806.0,1744265630901.0,6132672000.0,0.10953695,33696000,2025-04-10
240,ASIRI SURGICAL HOSPITAL PLC,AMSL.N0000,11.4,11.1,0.0,0.0,11.3,15.0,12/NOV/2004,502.0,6.0,5709.5,1744265916630.0,5971570258.5,0.10665948,528457545,2025-04-10
3461,PEOPLE'S INSURANCE PLC,PINS.N0000,28.9,28.0,5.86080586080586,1.6,28.9,200.0,12/JAN/2016,18026.0,9.0,512038.0,1744264172616.0,5884978614.2,0.10511285,203632478,2025-04-10
2147,SANASA DEVELOPMENT BANK PLC,SDB.N0000,36.0,34.5,5.341246290801187,1.8,35.5,50.0,31/MAY/2012,16625.0,20.0,590932.5,1744266277779.0,5827910537.0,0.104093544,164166494,2025-04-10
1596,ODEL PLC,ODEL.N0000,10.7,10.7,0.0,0.0,10.7,500.0,04/AUG/2010,500.0,1.0,5350.0,1744258257001.0,5760558293.8,0.10289055,538369934,2025-04-10
3794,B P P L HOLDINGS PLC,BPPL.N0000,18.9,17.5,6.857142857142857,1.2,18.7,55.0,04/APR/2017,54810.0,23.0,959381.0,1744261499092.0,5737970775.9,0.10248711,306843357,2025-04-10
5431,HELA APPAREL HOLDINGS PLC,HELA.N0000,3.7,3.4,2.9411764705882355,0.1,3.5,10000.0,07/FEB/2022,4346003.0,274.0,15239384.0,1744266276920.0,5728613754.5,0.102319986,1636746787,2025-04-10
253,THE KINGSBURY PLC,SERV.N0000,11.9,11.8,2.608695652173913,0.3,11.8,267.0,01/JAN/1982,7217.0,10.0,85370.6,1744266274499.0,5711200000.0,0.10200895,484000000,2025-04-10
246,SERENDIB HOTELS PLC,SHOT.N0000,19.8,18.5,2.7777777777777777,0.5,18.5,600.0,01/JAN/1973,8972.0,12.0,174830.5,1744265982194.0,5588090612.0,0.09981007,302058952,2025-04-10
316,KELANI VALLEY PLANTATIONS PLC,KVAL.N0000,86.0,80.5,1.4851485148514851,1.2,82.0,5.0,18/JAN/1996,5806.0,12.0,488493.0,1744264940182.0,5576000000.0,0.099594116,68000000,2025-04-10
1944,SOFTLOGIC CAPITAL PLC,SCAP.N0000,5.5,5.3,3.7735849056603774,0.2,5.5,538.0,21/SEP/2011,216802.0,44.0,1174562.9,1744263347954.0,5374529600.0,0.09599561,977187200,2025-04-10
1041,SOFTLOGIC FINANCE PLC,CRL.N0000,5.5,5.3,5.769230769230769,0.3,5.5,1000.0,22/JAN/2009,1200.0,3.0,6572.0,1744265960410.0,5294152550.5,0.094559975,962573191,2025-04-10
267,COLOMBO DOCKYARD PLC,DOCK.N0000,72.4,68.1,6.0382916053019144,4.1,72.0,49.0,01/JAN/1983,69909.0,33.0,5028829.7,1744264009565.0,5173842528.0,0.09241109,71858924,2025-04-10
1965,DIALOG FINANCE PLC,CALF.N0000,,,0.0,0.0,44.0,,04/OCT/2011,,,,,5165594104.0,0.092263766,117399866,2025-04-10
1785,SINGER FINANCE LANKA PLC,SFIN.N0000,25.4,24.5,4.526748971193416,1.1,25.4,475.0,17/JAN/2011,39221.0,24.0,990322.5,1744266031557.0,5132681505.0,0.09167591,202074075,2025-04-10
6052,CABLE SOLUTIONS PLC,CSLK.N0000,11.5,10.8,10.1010101010101,1.0,10.9,1.0,14/AUG/2024,406117.0,91.0,4447089.2,1744265996427.0,5130265940.0,0.09163277,470666600,2025-04-10
189,BOGALA GRAPHITE LANKA PLC,BOGA.N0000,54.0,52.0,0.9398496240601504,0.5,53.7,10.0,08/MAY/1992,5545.0,11.0,293250.0,1744265312502.0,5081786944.8,0.09076687,94632904,2025-04-10
3938,RENUKA HOTELS PLC,RCH.N0000,126.0,124.0,2.6476578411405294,3.25,126.0,20.0,21/NOV/2017,6520.0,4.0,821270.0,1744262359652.0,5077488780.0,0.0906901,40297530,2025-04-10
258,PRINTCARE PLC,CARE.N0000,58.9,58.9,4.991087344028521,2.8,58.9,400.0,02/MAY/1995,400.0,1.0,23560.0,1744257600295.0,5063436863.0,0.09043912,85966670,2025-04-10
5353,Co-operative Insurance Company PLC,COOP.N0000,3.0,2.8,3.4482758620689653,0.1,3.0,40000.0,30/DEC/2021,1413190.0,73.0,4130553.2,1744265452643.0,4956532800.0,0.08852968,1652177600,2025-04-10
363,THE NUWARA ELIYA HOTELS COMPANY PLC,NEH.N0000,2199.5,2180.0,-0.45662100456621,-10.0,2180.0,12.0,01/JAN/1974,365.0,4.0,802577.75,1744266139524.0,4765567200.0,0.0851188,2186040,2025-04-10
284,JOHN KEELLS PLC,JKL.N0000,77.0,76.8,0.9174311926605505,0.7,77.0,25.0,01/JAN/1974,7695.0,6.0,592485.0,1744262564916.0,4681600000.0,0.08361905,60800000,2025-04-10
5231,Ex-pack Corrugated Cartons PLC,PACK.N0000,13.9,13.2,0.0,0.0,13.2,3950.0,10/NOV/2021,230695.0,59.0,3106457.4,1744265843192.0,4399999995.6,0.07858933,333333333,2025-04-10
378,COLOMBO LAND AND DEVELOPMENT COMPANY PLC,CLND.N0000,22.6,21.0,3.7735849056603774,0.8,22.0,548.0,19/MAR/1986,2317.0,9.0,50425.7,1744266151924.0,4397382176.0,0.078542575,199881008,2025-04-10
1784,PANASIAN POWER PLC,PAP.N0000,7.0,6.9,4.477611940298507,0.3,7.0,1000.0,07/JAN/2011,433303.0,41.0,3031523.8,1744266100020.0,4375000000.0,0.0781428,625000000,2025-04-10
34,BOGAWANTALAWA TEA ESTATES PLC,BOPL.N0000,52.0,52.0,-3.7037037037037037,-2.0,52.0,62.0,08/DEC/1995,62.0,1.0,3224.0,1744264901529.0,4355000000.0,0.077785574,83750000,2025-04-10
527,LANKEM CEYLON PLC,LCEY.N0000,84.5,84.3,4.968944099378882,4.0,84.5,6.0,01/JAN/1970,445.0,10.0,37556.9,1744262307185.0,4349278966.5,0.07768339,51470757,2025-04-10
164,RICHARD PIERIS EXPORTS PLC,REXP.N0000,385.0,379.0,0.7936507936507936,3.0,381.0,10.0,11/OCT/1993,2677.0,10.0,1017555.0,1744266030574.0,4253386845.0,0.07597064,11163745,2025-04-10
388,MASKELIYA PLANTATIONS PLC,MASK.N0000,79.0,76.0,0.12836970474967907,0.1,78.0,574.0,05/NOV/1997,14102.0,10.0,1108283.0,1744264333464.0,4208372142.0,0.07516663,53953489,2025-04-10
227,KEELLS FOOD PRODUCTS PLC,KFP.N0000,164.0,164.0,-7.344632768361582,-13.0,164.0,1.0,01/JAN/1983,1.0,1.0,164.0,1744265360198.0,4182000000.0,0.07469559,25500000,2025-04-10
383,CEYLON HOTELS CORPORATION PLC,CHOT.N0000,23.8,23.0,-2.5210084033613445,-0.6,23.2,3480.0,01/JAN/1967,28175.0,13.0,652662.5,1744266263992.0,4176717854.4,0.07460124,180030942,2025-04-10
3495,ORIENT FINANCE PLC,BFN.N0000,19.8,19.0,-3.553299492385787,-0.7,19.0,1590.0,30/JUN/2011,2531.0,5.0,48813.5,1744263504018.0,4010921945.0,0.071639925,211101155,2025-04-10
264,CEYLON HOSPITALS PLC,CHL.N0000,126.0,126.0,1.6129032258064515,2.0,126.0,6.0,14/NOV/2003,119.0,3.0,14994.0,1744260680215.0,4002103098.0,0.07148241,31762723,2025-04-10
4038,L V L ENERGY FUND PLC,LVEF.N0000,5.9,5.7,3.6363636363636362,0.2,5.7,12700.0,09/JAN/2018,601689.0,47.0,3460625.8,1744265808529.0,3982782329.4,0.07113732,698733742,2025-04-10
185,SMB FINANCE PLC,SEMB.N0000,0.7,0.5,0.0,0.0,0.6,50.0,20/DEC/1993,679716.0,24.0,406740.6,1744265647816.0,3882225028.8,0.06934124,6470375048,2025-04-10
1844,ASSOCIATED MOTOR FINANCE COMPANY PLC,AMF.N0000,34.9,33.0,4.938271604938271,1.6,34.0,1.0,23/JUN/2011,8839.0,8.0,306288.0,1744262531942.0,3853127112.0,0.06882152,113327268,2025-04-10
4561,LAUGFS POWER PLC,LPL.N0000,11.4,10.8,1.7857142857142858,0.2,11.4,899.0,30/OCT/2019,11500.0,6.0,126800.0,1744265444622.0,3819000980.4,0.06821199,335000086,2025-04-10
335,C. W. MACKIE PLC,CWM.N0000,109.5,105.0,1.2048192771084338,1.25,105.0,1000.0,09/JAN/1995,2011.0,10.0,213587.5,1744263165665.0,3778798380.0,0.067493916,35988556,2025-04-10
134,HUNTER & COMPANY PLC,HUNT.N0000,,,0.0,0.0,726.0,,01/JAN/1947,,,,,3735270000.0,0.06671645,5145000,2025-04-10
123,DANKOTUWA PORCELAIN PLC,DPL.N0000,22.9,22.5,0.0,0.0,22.5,251.0,21/FEB/1995,13644.0,5.0,307075.0,1744265595591.0,3657440700.0,0.065326326,162552920,2025-04-10
168,CONVENIENCE FOODS LANKA PLC,SOY.N0000,1309.5,1295.0,5.159606504717928,64.25,1309.5,1.0,13/MAY/1992,194.0,14.0,252175.0,1744265115583.0,3601125000.0,0.06432045,2750000,2025-04-10
224,CENTRAL INDUSTRIES PLC,CIND.N0000,149.5,145.0,5.978260869565218,8.25,146.25,200.0,14/AUG/1990,9582.0,24.0,1396089.5,1744264968789.0,3538546976.25,0.06320274,24195193,2025-04-10
550,LANKA ASHOK LEYLAND PLC,ASHO.N0000,951.25,950.0,0.0,0.0,950.0,300.0,01/JAN/1983,2901.0,13.0,2756076.0,1744262386224.0,3439800850.0,0.06143901,3620843,2025-04-10
372,KEGALLE  PLANTATIONS  PLC,KGAL.N0000,138.0,127.5,3.0131826741996233,4.0,136.75,5.0,08/JAN/1996,3520.0,11.0,480600.0,1744260687445.0,3418750000.0,0.061063018,25000000,2025-04-10
2025,ASIA ASSET FINANCE PLC,AAF.N0000,28.0,27.5,1.8518518518518519,0.5,27.5,500.0,12/JAN/2012,8225.0,17.0,229677.5,1744266139636.0,3415377157.5,0.061002772,124195533,2025-04-10
2026,AGSTAR PLC,AGST.N0000,7.4,7.2,5.714285714285714,0.4,7.4,5.0,16/FEB/2012,32130.0,35.0,235550.3,1744266004828.0,3413542041.0,0.060969997,461289465,2025-04-10
214,HAYLEYS LEISURE PLC,CONN.N0000,30.4,29.0,12.177121771217712,3.3,30.4,10.0,11/MAR/1996,224249.0,101.0,6624655.3,1744266198942.0,3282894723.2,0.058636475,107989958,2025-04-10
468,TAL LANKA HOTELS PLC,TAJ.N0000,23.1,23.0,6.481481481481482,1.4,23.0,225.0,01/JAN/1982,5050.0,9.0,116155.0,1744261620858.0,3211662362.0,0.05736418,139637494,2025-04-10
193,BALANGODA  PLANTATIONS  PLC,BALA.N0000,69.0,64.3,6.259780907668231,4.0,67.9,2.0,03/JUN/1998,4736.0,12.0,313640.4,1744264789052.0,3209818095.4,0.05733124,47272726,2025-04-10
478,RENUKA CITY HOTELS PLC.,RENU.N0000,469.25,450.0,3.3295063145809416,14.5,450.0,2.0,19/OCT/1992,458.0,13.0,207062.5,1744263655894.0,3150000000.0,0.056262817,7000000,2025-04-10
1845,ABANS FINANCE PLC,AFSL.N0000,,,0.0,0.0,42.7,,27/JUN/2011,,,,,3146698401.7,0.056203846,73693171,2025-04-10
5311,hSenid Business Solutions PLC,HBS.N0000,11.0,10.9,2.803738317757009,0.3,11.0,20.0,21/DEC/2021,17019.0,11.0,187009.0,1744265158762.0,3137802349.0,0.05604495,285254759,2025-04-10
147,KOTAGALA PLANTATIONS PLC,KOTA.N0000,9.2,8.8,7.0588235294117645,0.6,9.1,750.0,12/DEC/1995,768440.0,106.0,6839902.4,1744266274917.0,3080463750.0,0.055020813,338512500,2025-04-10
400,MERCHANT BANK OF SRI LANKA & FINANCE PLC,MBSL.N0000,6.2,5.6,5.454545454545454,0.3,5.8,2632.0,04/JAN/1991,77973.0,20.0,457943.2,1744261649986.0,3042329894.6,0.0543397,524539637,2025-04-10
414,THE FORTRESS RESORTS PLC,RHTL.N0000,27.3,25.9,8.8,2.2,27.2,2.0,30/MAR/1999,1855.0,13.0,48935.9,1744264864878.0,3016117804.8,0.05387152,110886684,2025-04-10
701,RENUKA HOLDINGS PLC,RHL.N0000,17.9,17.9,2.8735632183908044,0.5,17.9,991.0,10/MAR/2008,2000.0,2.0,35800.0,1744257944465.0,2962240050.9,0.052909195,165488271,2025-04-10
188,BAIRAHA FARMS PLC,BFL.N0000,165.0,164.75,1.5408320493066257,2.5,164.75,10.0,05/DEC/1994,1060.0,7.0,174897.5,1744262468816.0,2899600000.0,0.051790368,17600000,2025-04-10
505,SEYLAN DEVELOPMENTS PLC,CSD.N0000,20.7,20.7,2.4752475247524752,0.5,20.7,550.0,08/FEB/1995,550.0,1.0,11385.0,1744260357001.0,2891547768.6,0.051646546,139688298,2025-04-10
479,SATHOSA MOTORS PLC,SMOT.N0000,477.75,474.5,0.7911392405063291,3.75,477.75,14.0,08/NOV/1993,43.0,13.0,20516.75,1744261199988.0,2882562910.5,0.051486067,6033622,2025-04-10
455,DOLPHIN HOTELS PLC,STAF.N0000,46.0,44.4,4.651162790697675,2.0,45.0,100.0,01/JAN/1982,19131.0,29.0,857266.5,1744265985146.0,2845932930.0,0.05083181,63242954,2025-04-10
5291,SARVODAYA DEVELOPMENT FINANCE PLC,SDF.N0000,19.0,18.5,8.571428571428571,1.5,19.0,1.0,14/DEC/2021,1010.0,5.0,18780.9,1744266098645.0,2842324988.0,0.05076737,149596052,2025-04-10
523,PMF FINANCE PLC,PMB.N0000,7.0,7.0,0.0,0.0,7.0,66.0,11/JUL/1994,4659.0,3.0,32613.0,1744262489888.0,2837112250.0,0.050674263,405301750,2025-04-10
317,THE  LIGHTHOUSE  HOTEL  PLC,LHL.N0000,61.3,61.3,1.658374792703151,1.0,61.3,11.0,29/AUG/1997,285.0,3.0,17470.5,1744265438689.0,2819800000.0,0.050365046,46000000,2025-04-10
198,LEE HEDGES PLC,SHAW.N0000,110.0,110.0,7.579462102689487,7.75,110.0,40.0,01/JAN/1954,40.0,1.0,4400.0,1744261861931.0,2816300300.0,0.050302535,25602730,2025-04-10
1485,RENUKA AGRI FOODS PLC,RAL.N0000,3.7,3.5,2.9411764705882355,0.1,3.5,1524.0,04/JAN/2010,224125.0,52.0,803819.4,1744265327855.0,2795902567.5,0.049938206,798829305,2025-04-10
1561,RAIGAM WAYAMBA SALTERNS PLC,RWSL.N0000,9.9,9.5,4.25531914893617,0.4,9.8,498.0,29/APR/2010,1233599.0,119.0,11972860.0,1744266287397.0,2765631736.0,0.049397532,282207320,2025-04-10
355,HOUSING DEVELOPMENT FINANCE CORPORATION BANK OF SL,HDFC.N0000,44.5,41.5,7.3232323232323235,2.9,42.5,650.0,12/NOV/2003,69626.0,72.0,2957174.9,1744266217070.0,2750197100.0,0.049121853,64710520,2025-04-10
461,CEYLON LAND & EQUITY PLC,KZOO.N0000,8.9,8.5,3.5714285714285716,0.3,8.7,2.0,01/JAN/1958,579640.0,111.0,4984572.5,1744266127444.0,2671581792.9,0.047717687,307078367,2025-04-10
2188,BERUWALA RESORTS PLC,BERU.N0000,3.9,3.6,2.7027027027027026,0.1,3.8,500.0,04/JUL/2012,434575.0,33.0,1620313.1,1744265985046.0,2662068321.0,0.047547765,700544295,2025-04-10
406,ACL PLASTICS PLC,APLA.N0000,620.0,618.0,3.0807660283097418,18.5,619.0,100.0,05/APR/1995,2294.0,29.0,1422018.5,1744266287702.0,2607537500.0,0.04657378,4212500,2025-04-10
492,ON'ALLY HOLDINGS PLC,ONAL.N0000,28.8,28.0,5.660377358490566,1.5,28.0,5.0,20/OCT/1988,406.0,4.0,11368.8,1744263526631.0,2604086436.0,0.046512138,93003087,2025-04-10
250,LANKA REALTY INVESTMENTS PLC,ASCO.N0000,12.1,11.7,3.4482758620689653,0.4,12.0,1.0,01/JAN/1969,6291.0,10.0,75258.2,1744264621971.0,2536445136.0,0.04530398,211370428,2025-04-10
561,UDAPUSSELLAWA  PLANTATIONS PLC,UDPL.N0000,131.0,124.0,6.300813008130081,7.75,130.75,156.0,04/MAY/1998,1997.0,15.0,254186.75,1744263148483.0,2536399637.5,0.04530317,19398850,2025-04-10
364,AMANA TAKAFUL PLC,ATL.N0000,12.4,12.4,4.201680672268908,0.5,12.4,98.0,27/NOV/2006,598.0,2.0,7415.2,1744263285875.0,2525019973.2,0.045099914,203630643,2025-04-10
101,CITRUS LEISURE PLC,REEF.N0000,4.0,3.9,0.0,0.0,3.9,5000.0,01/JAN/1984,102870.0,26.0,402204.0,1744263059510.0,2517780240.3,0.044970606,645584677,2025-04-10
308,C M HOLDINGS PLC,COLO.N0000,161.0,158.5,5.2631578947368425,8.0,160.0,1.0,01/JAN/1970,158.0,5.0,25309.5,1744265687788.0,2432000000.0,0.043438468,15200000,2025-04-10
18,LANKA ALUMINIUM INDUSTRIES PLC,LALU.N0000,35.5,34.0,8.256880733944953,2.7,35.4,3.0,20/APR/1987,137194.0,33.0,4747616.7,1744266022063.0,2425399671.0,0.043320578,68514115,2025-04-10
107,MARAWILA  RESORTS  PLC,MARA.N0000,6.8,6.5,-1.5151515151515151,-0.1,6.5,9085.0,18/JUN/1997,362023.0,48.0,2367757.4,1744265900593.0,2287502028.5,0.040857557,351923389,2025-04-10
1446,RESUS ENERGY PLC,HPWR.N0000,26.9,26.0,1.5325670498084292,0.4,26.5,1000.0,08/OCT/2009,13353.0,20.0,350170.3,1744266226376.0,2283897915.5,0.040793184,86184827,2025-04-10
8,KAHAWATTE  PLANTATIONS  PLC,KAHA.N0000,23.0,22.6,0.0,0.0,22.6,1000.0,02/DEC/1998,9062.0,10.0,205721.2,1744265680594.0,2246591216.6,0.04012684,99406691,2025-04-10
128,BROWNS BEACH HOTELS PLC,BBH.N0000,18.0,17.3,-1.1428571428571428,-0.2,17.3,114.0,22/FEB/1993,3219.0,11.0,55884.7,1744265672538.0,2242080000.0,0.040046263,129600000,2025-04-10
313,SWADESHI INDUSTRIAL WORKS  PLC,SWAD.N0000,,,0.0,0.0,15000.0,,01/JAN/1970,,,,,2239995000.0,0.040009025,149333,2025-04-10
529,CHEMANEX PLC,CHMX.N0000,153.0,142.25,1.6071428571428572,2.25,142.25,900.0,01/JAN/1974,1349.0,10.0,193840.0,1744266187931.0,2234365132.0,0.03990847,15707312,2025-04-10
5732,UB FINANCE PLC,UBF.N0000,0.7,0.7,16.666666666666668,0.1,0.7,1000.0,14/AUG/2023,1300.0,2.0,910.0,1744261838527.0,2224939756.9,0.03974012,3178485367,2025-04-10
5251,LANKA CREDIT AND BUSINESS FINANCE PLC,LCBF.N0000,2.8,2.6,12.0,0.3,2.8,1.0,16/NOV/2021,915407.0,32.0,2442967.2,1744263778897.0,2212472584.0,0.03951744,790168780,2025-04-10
443,LANKA VENTURES PLC,LVEN.N0000,38.5,37.0,0.0,0.0,37.0,1.0,08/JUN/1995,1201.0,3.0,45737.0,1744263533653.0,2158022484.0,0.038544897,58324932,2025-04-10
170,MADULSIMA  PLANTATIONS  PLC,MADU.N0000,12.6,12.1,5.0,0.6,12.6,10.0,06/JUL/1998,5756.0,11.0,71131.2,1744265867903.0,2135713822.2,0.038146436,169501097,2025-04-10
546,LANKEM DEVELOPMENTS PLC,LDEV.N0000,17.8,17.1,3.592814371257485,0.6,17.3,7.0,01/JAN/1975,102356.0,56.0,1790129.1,1744265480868.0,2076000000.0,0.037079874,120000000,2025-04-10
507,RENUKA FOODS PLC,COCO.N0000,11.3,10.9,0.8928571428571429,0.1,11.3,203.0,06/JUN/1994,4997.0,5.0,54666.1,1744265390370.0,2034060082.1,0.03633078,180005317,2025-04-10
520,C T LAND DEVELOPMENT PLC,CTLD.N0000,25.8,25.0,2.459016393442623,0.6,25.0,5.0,22/MAR/1988,5457.0,17.0,138723.9,1744263782605.0,2031250000.0,0.036280587,81250000,2025-04-10
382,LAXAPANA PLC,LITE.N0000,30.5,30.1,4.810996563573883,1.4,30.5,1.0,01/JAN/1982,866.0,7.0,26412.2,1744262864636.0,2019860639.5,0.036077157,66224939,2025-04-10
132,HAPUGASTENNE PLANTATIONS PLC,HAPU.N0000,44.5,43.0,2.137767220902613,0.9,43.0,224.0,25/MAR/1998,664.0,5.0,28837.0,1744262470667.0,1991578927.0,0.03557201,46315789,2025-04-10
403,EAST WEST PROPERTIES PLC,EAST.N0000,14.0,13.2,2.9411764705882355,0.4,14.0,75.0,01/JAN/1983,76.0,2.0,1063.2,1744263979464.0,1935360000.0,0.034567874,138240000,2025-04-10
204,ABANS ELECTRICALS PLC,ABAN.N0000,384.5,365.0,5.0,18.0,378.0,50.0,01/JAN/1984,908.0,10.0,345512.0,1744264181919.0,1931791680.0,0.03450414,5110560,2025-04-10
1971,WASKADUWA BEACH RESORT PLC,CITW.N0000,2.0,1.9,5.2631578947368425,0.1,2.0,20.0,03/JAN/2012,475891.0,37.0,907486.1,1744265966406.0,1873367976.0,0.03346062,936683988,2025-04-10
1858,CITIZENS DEVELOPMENT BUSINESS FINANCE PLC,CDB.X0000,179.75,176.0,5.735294117647059,9.75,179.75,10.0,06/OCT/2010,656.0,6.0,116543.5,1744259491081.0,1859274323.0,0.03320889,10343668,2025-04-10
2229,HIKKADUWA BEACH RESORT PLC,CITH.N0000,3.3,3.2,0.0,0.0,3.3,100.0,17/DEC/2012,194684.0,30.0,625657.7,1744265069593.0,1790789652.3,0.031985674,542663531,2025-04-10
55,ROYAL PALMS BEACH HOTELS PLC,RPBH.N0000,36.0,34.6,9.375,3.0,35.0,2.0,15/JUN/1998,102.0,3.0,3657.4,1744261106437.0,1750000000.0,0.03125712,50000000,2025-04-10
3244,ARPICO INSURANCE PLC,AINS.N0000,,,0.0,0.0,26.4,,16/JAN/2015,,,,,1748482744.8,0.03123002,66230407,2025-04-10
432,SERENDIB HOTELS PLC,SHOT.X0000,12.3,11.8,1.7094017094017093,0.2,11.9,900.0,01/JAN/1973,38874.0,12.0,458904.6,1744266170507.0,1714126265.6,0.030616371,144044224,2025-04-10
5532,LUMINEX PLC,LUMX.N0000,6.2,6.1,7.017543859649122,0.4,6.1,1.0,23/JUN/2022,6061.0,10.0,37018.1,1744263203548.0,1654625000.0,0.029553607,271250000,2025-04-10
490,COMMERCIAL DEVELOPMENT COMPANY PLC,COMD.N0000,137.75,137.75,5.555555555555555,7.25,137.75,3.0,01/JAN/1983,3.0,1.0,413.25,1744265858481.0,1653000000.0,0.029524583,12000000,2025-04-10
2209,ASIA SIYAKA COMMODITIES LIMITED,ASIY.N0000,6.1,6.0,3.4482758620689653,0.2,6.0,250.0,12/SEP/2012,172815.0,13.0,1037643.5,1744262029221.0,1560000000.0,0.02786349,260000000,2025-04-10
460,E - CHANNELLING PLC,ECL.N0000,12.6,12.2,0.0,0.0,12.2,3000.0,21/MAY/2002,15060.0,7.0,184151.0,1744261053079.0,1490003263.0,0.026613263,122131415,2025-04-10
44,COLOMBO CITY HOLDINGS PLC,PHAR.N0000,62.4,58.3,-0.5110732538330494,-0.3,58.4,2.0,01/JAN/1949,2513.0,5.0,150782.7,1744264759162.0,1486696976.0,0.026554208,25457140,2025-04-10
4681,HNB FINANCE PLC,HNBF.X0000,4.1,4.0,2.5,0.1,4.1,10000.0,08/JAN/2020,74394.0,9.0,304636.0,1744264292189.0,1477332500.0,0.026386948,360325000,2025-04-10
183,HOTEL SIGIRIYA PLC,HSIG.N0000,83.4,79.6,3.6024844720496896,2.9,83.4,556.0,01/JAN/1981,3856.0,10.0,319873.5,1744266142499.0,1465921800.0,0.02618314,17577000,2025-04-10
504,PEGASUS HOTELS OF CEYLON PLC,PEG.N0000,34.0,31.2,3.0303030303030303,1.0,34.0,9.0,01/JAN/1970,2148.0,5.0,69783.7,1744261573788.0,1435155980.0,0.025633624,42210470,2025-04-10
3575,AMANA TAKAFUL LIFE PLC,ATLL.N0000,,,0.0,0.0,28.4,,18/AUG/2016,,,,,1420000000.0,0.02536292,50000000,2025-04-10
218,NATION LANKA FINANCE PLC,CSF.N0000,0.2,0.1,0.0,0.0,0.2,1000.0,13/JUN/1994,9436384.0,28.0,1886208.7,1744265820260.0,1399354807.0,0.024994172,6996774035,2025-04-10
22,CARGO BOAT DEVELOPMENT COMPANY PLC,CABO.N0000,79.5,75.0,-0.1314060446780552,-0.1,76.0,2500.0,01/JAN/1981,5742.0,10.0,445152.7,1744265209387.0,1370431620.0,0.02447757,18031995,2025-04-10
533,GALLE FACE CAPITAL PARTNERS PLC,WAPO.N0000,47.9,44.0,15.196078431372548,6.2,47.0,37.0,21/NOV/2001,92628.0,86.0,4215553.7,1744266131370.0,1358062133.0,0.024256635,28894939,2025-04-10
482,TANGERINE BEACH HOTELS PLC,TANG.N0000,67.3,67.3,0.7485029940119761,0.5,67.3,20.0,01/JAN/1983,99.0,2.0,6662.7,1744259602860.0,1346000000.0,0.02404119,20000000,2025-04-10
113,EQUITY TWO PLC,ETWO.N0000,43.0,43.0,2.380952380952381,1.0,43.0,25.0,21/NOV/1994,25.0,1.0,1075.0,1744257984233.0,1333000000.0,0.023808995,31000000,2025-04-10
306,THE AUTODROME PLC,AUTO.N0000,,,0.0,0.0,110.0,,01/JAN/1975,,,,,1320000000.0,0.0235768,12000000,2025-04-10
1665,LOTUS HYDRO POWER PLC,HPFL.N0000,12.1,11.5,6.1946902654867255,0.7,12.0,2378.0,25/NOV/2010,13782.0,17.0,161536.2,1744266008136.0,1309057344.0,0.02338135,109088112,2025-04-10
4439,MAHAWELI COCONUT PLANTATIONS PLC,MCPL.N0000,37.9,36.0,11.976047904191617,4.0,37.4,2.0,03/JUN/2019,4030.0,5.0,145126.4,1744265792642.0,1308854701.0,0.023377731,34996115,2025-04-10
5371,KAPRUKA HOLDINGS PLC,KPHL.N0000,8.1,7.7,2.6666666666666665,0.2,7.7,1.0,07/JAN/2022,11.0,2.0,88.7,1744263514839.0,1263803772.0,0.022573067,164130360,2025-04-10
3307,SINGHE HOSPITALS PLC,SINH.N0000,2.9,2.7,0.0,0.0,2.8,1000.0,21/APR/2015,23852.0,17.0,66736.6,1744262335101.0,1207642506.0,0.021569958,431300895,2025-04-10
1522,CEYLON TEA BROKERS PLC,CTBL.N0000,6.6,6.2,11.864406779661017,0.7,6.6,501.0,16/MAR/2010,41866.0,31.0,268707.8,1744266276223.0,1203840000.0,0.02150204,182400000,2025-04-10
278,UNION CHEMICALS LANKA PLC,UCAR.N0000,800.0,775.0,19.581464872944693,131.0,800.0,85.0,01/AUG/1988,187.0,13.0,148640.0,1744265939678.0,1200000000.0,0.021433454,1500000,2025-04-10
484,TEA SMALLHOLDER FACTORIES PLC,TSML.N0000,39.5,38.5,-3.508771929824561,-1.4,38.5,510.0,01/AUG/1996,12919.0,45.0,504371.7,1744266240232.0,1155000000.0,0.020629698,30000000,2025-04-10
524,HAYLEYS FIBRE PLC,HEXP.N0000,49.5,48.0,4.3478260869565215,2.0,48.0,300.0,17/MAR/1992,9545.0,16.0,462200.0,1744263838318.0,1152000000.0,0.020576116,24000000,2025-04-10
269,INDUSTRIAL ASPHALTS (CEYLON) PLC,ASPH.N0000,0.4,0.3,-25.0,-0.1,0.3,1.0,01/JAN/1978,42941.0,9.0,12913.2,1744266199257.0,1124823375.0,0.020090709,3749411250,2025-04-10
103,HORANA PLANTATIONS PLC,HOPL.N0000,45.0,41.6,5.9523809523809526,2.5,44.5,21.0,12/FEB/1996,1210.0,10.0,51029.0,1744263549519.0,1112500000.0,0.019870598,25000000,2025-04-10
1744,LAUGFS GAS PLC,LGL.X0000,19.5,18.0,0.0,0.0,19.4,9.0,08/DEC/2010,12214.0,10.0,236972.1,1744265368859.0,1008800000.0,0.018018391,52000000,2025-04-10
187,MAHAWELI REACH HOTELS PLC,MRH.N0000,21.0,20.0,5.0,1.0,21.0,4000.0,01/JAN/1982,5075.0,4.0,105571.0,1744263686192.0,988395387.0,0.017653938,47066447,2025-04-10
3080,BANSEI ROYAL RESORTS HIKKADUWA PLC,BRR.N0000,18.1,16.6,5.882352941176471,1.0,18.0,6.0,27/MAR/2014,2076.0,5.0,35978.0,1744264950751.0,967104000.0,0.01727365,53728000,2025-04-10
453,CEYLON HOSPITALS PLC,CHL.X0000,,,0.0,0.0,95.1,,14/NOV/2003,,,,,963721051.5,0.017213225,10133765,2025-04-10
385,COLOMBO FORT INVESTMENTS PLC,CFI.N0000,,,0.0,0.0,109.0,,15/JUN/1986,,,,,957787469.0,0.017107245,8787041,2025-04-10
1786,HVA FOODS PLC,HVA.N0000,3.8,3.5,8.571428571428571,0.3,3.8,30.0,15/FEB/2011,158.0,4.0,594.4,1744266045703.0,929199514.4,0.016596628,244526188,2025-04-10
357,SMB FINANCE PLC,SEMB.X0000,0.3,0.2,50.0,0.1,0.3,120.0,20/DEC/1993,14500.0,11.0,4249.9,1744262306421.0,924481113.6,0.016512353,3081603712,2025-04-10
277,COLOMBO INVESTMENT TRUST PLC,CIT.N0000,123.0,122.5,0.0,0.0,123.0,156.0,01/JUN/1987,356.0,2.0,43688.0,1744261914972.0,872881800.0,0.015590726,7096600,2025-04-10
405,EASTERN MERCHANTS PLC,EMER.N0000,7.5,7.0,7.352941176470588,0.5,7.3,100.0,01/JAN/1982,27661.0,16.0,202158.6,1744264871110.0,857355800.0,0.015313413,117446000,2025-04-10
259,LANKA CERAMIC PLC,CERA.N0000,143.0,142.0,2.898550724637681,4.0,142.0,4.0,07/APR/1993,149.0,3.0,21159.0,1744260713467.0,852000000.0,0.015217752,6000000,2025-04-10
437,SIGIRIYA VILLAGE HOTELS PLC,SIGV.N0000,91.5,91.4,1.78173719376392,1.6,91.4,99.0,01/JAN/1980,305.0,5.0,27877.5,1744265209078.0,822600000.0,0.0146926325,9000000,2025-04-10
6032,MAHARAJA FOODS PLC,MFPE.N0000,6.5,6.5,1.5625,0.1,6.5,40.0,26/JUL/2024,500.0,2.0,3250.0,1744263414407.0,812500000.0,0.014512234,125000000,2025-04-10
5005,VIDULLANKA PLC,VLL.X0000,9.8,9.3,4.301075268817204,0.4,9.7,1.0,10/JUN/2005,263308.0,18.0,2452777.8,1744264357532.0,796501677.5,0.014226485,82113575,2025-04-10
4,TESS AGRO PLC,TESS.N0000,1.1,1.0,0.0,0.0,1.1,10.0,31/DEC/2002,20013.0,4.0,20014.3,1744264958751.0,744769353.9,0.013302483,677063049,2025-04-10
137,LAKE HOUSE PRINTERS & PUBLISHERS PLC,LPRT.N0000,,,0.0,0.0,230.0,,01/JAN/1975,,,,,675566350.0,0.012066433,2937245,2025-04-10
117,SAMSON INTERNATIONAL PLC,SIL.N0000,,,0.0,0.0,158.25,,22/MAR/1993,,,,,669836010.75,0.011964083,4232771,2025-04-10
1595,MALWATTE VALLEY PLANTATION PLC,MAL.X0000,32.4,32.4,0.0,0.0,32.4,5.0,26/JUL/2000,5.0,1.0,162.0,1744265264423.0,656121384.0,0.0117191225,20250660,2025-04-10
243,SERENDIB LAND PLC,SLND.N0000,,,0.0,0.0,1476.5,,01/JAN/1983,,,,,588984709.0,0.01051998,398906,2025-04-10
209,MERCANTILE SHIPPING COMPANY PLC,MSL.N0000,,,0.0,0.0,205.25,,01/JAN/1983,,,,,583934197.5,0.010429773,2844990,2025-04-10
2150,RAMBODA FALLS PLC,RFL.N0000,28.0,28.0,-2.7777777777777777,-0.8,28.0,300.0,18/JUN/2012,300.0,1.0,8400.0,1744258493353.0,560000000.0,0.010002279,20000000,2025-04-10
160,ASIA CAPITAL PLC,ACAP.N0000,,,0.0,0.0,4.1,,22/SEP/1994,,,,,538452979.5,0.009617423,131329995,2025-04-10
3055,MILLENNIUM HOUSING DEVELOPERS PLC,MHDL.N0000,3.6,3.3,0.0,0.0,3.6,1000.0,19/FEB/2014,10851.0,6.0,36118.6,1744263452531.0,484852752.0,0.008660058,134681320,2025-04-10
1800,AMW CAPITAL LEASING AND FINANCE PLC,AMCL.N0000,,,0.0,0.0,22.4,,08/JUN/2011,,,,,448000000.0,0.008001823,20000000,2025-04-10
4562,LAUGFS POWER PLC,LPL.X0000,8.4,7.3,-1.1904761904761905,-0.1,8.3,1000.0,30/OCT/2019,1760.0,4.0,13914.0,1744264893816.0,431600000.0,0.0077088987,52000000,2025-04-10
554,ACME PRINTING & PACKAGING PLC,ACME.N0000,4.5,4.4,-2.2222222222222223,-0.1,4.4,495.0,01/JAN/1956,12213.0,9.0,53756.0,1744265982389.0,418000000.0,0.0074659865,95000000,2025-04-10
1481,RENUKA HOLDINGS PLC,RHL.X0000,14.9,14.0,0.6993006993006993,0.1,14.4,125.0,10/MAR/2008,11330.0,9.0,165640.0,1744263805191.0,348504753.6,0.006224717,24201719,2025-04-10
384,MULLER & PHIPPS (CEYLON) PLC,MULL.N0000,1.2,1.2,0.0,0.0,1.2,10000.0,01/JAN/1965,10000.0,1.0,12000.0,1744263448435.0,339600000.0,0.0060656676,283000000,2025-04-10
5173,E M L CONSULTANTS PLC,EML.N0000,3.7,3.4,8.823529411764707,0.3,3.7,2000.0,27/SEP/2021,74751.0,17.0,262377.5,1744264292112.0,336330000.0,0.006007261,90900000,2025-04-10
5511,ALPHA FIRE SERVICES PLC,AFS.N0000,8.7,8.6,6.097560975609756,0.5,8.7,1704.0,,4100.0,6.0,35638.1,1744259110770.0,330165000.0,0.005897147,37950000,2025-04-10
466,GESTETNER OF CEYLON PLC,GEST.N0000,123.25,123.25,0.0,0.0,123.25,1.0,01/JAN/1965,1.0,1.0,123.25,1744259515870.0,327575329.0,0.005850892,2657812,2025-04-10
4966,CHRISSWORLD PLC,CWL.N0000,10.2,10.2,6.25,0.6,10.2,200.0,18/MAY/2021,16179.0,4.0,165025.8,1744264905363.0,306000000.0,0.005465531,30000000,2025-04-10
5351,MYLAND DEVELOPMENTS PLC,MDL.N0000,,,0.0,0.0,7.9,,28/DEC/2021,,,,,286375000.0,0.0051150043,36250000,2025-04-10
5472,EXTERMINATORS PLC,EXT.N0000,5.1,4.8,6.25,0.3,5.1,2.0,30/MAR/2022,25002.0,4.0,120010.2,1744258215755.0,269547540.9,0.0048144455,52852459,2025-04-10
2091,GREENTECH ENERGY PLC,MEL.N0000,2.1,2.1,5.0,0.1,2.1,5000.0,25/APR/2012,5201.0,4.0,10922.1,1744263952217.0,210000000.0,0.0037508544,100000000,2025-04-10
2035,AGSTAR PLC,AGST.X0000,,,0.0,0.0,7.7,,16/FEB/2012,,,,,201821119.5,0.0036047697,26210535,2025-04-10
203,RADIANT GEMS INTERNATIONAL PLC,RGEM.N0000,79.8,72.0,6.4,4.8,79.8,10.0,01/JAN/1983,434.0,8.0,32732.5,1744260940129.0,191520000.0,0.0034207792,2400000,2025-04-10
526,OFFICE EQUIPMENT PLC,OFEQ.N0000,200.0,200.0,-0.37359900373599003,-0.75,200.0,1.0,01/JAN/1974,1.0,1.0,200.0,1744260728072.0,166712000.0,0.0029776783,833560,2025-04-10
241,CEYLON PRINTERS PLC,CPRT.N0000,,,0.0,0.0,275.0,,01/JAN/1974,,,,,165046750.0,0.002947935,600170,2025-04-10
180,YORK ARCADE HOLDINGS PLC,YORK.N0000,165.0,141.0,-2.526002971768202,-4.25,164.0,1.0,01/MAY/1985,293.0,10.0,42186.0,1744262968243.0,123000000.0,0.002196929,750000,2025-04-10
487,PARAGON CEYLON PLC,PARA.N0000,,,0.0,0.0,81.1,,01/JAN/1974,,,,,81122708.0,0.0014489498,1000280,2025-04-10
1521,RENUKA FOODS PLC,COCO.X0000,10.6,10.2,0.9523809523809523,0.1,10.6,284.0,06/JUN/1994,513.0,3.0,5432.6,1744265036635.0,77452080.0,0.001383388,7306800,2025-04-10
2997,TESS AGRO PLC,TESS.X0000,0.8,0.8,0.0,0.0,0.8,110.0,31/DEC/2002,110.0,1.0,88.0,1744257600339.0,53333333.6,0.00095259794,66666667,2025-04-10
301,BLUE DIAMONDS JEWELLERY WORLDWIDE PLC,BLUE.X0000,,,0.0,0.0,0.0,,31/MAR/1992,,,,,,0.0,225976714,2025-04-10
311,CITY HOUSING & REAL ESTATE CO. PLC,CHOU.N0000,,,0.0,0.0,0.0,,29/APR/1988,,,,,,0.0,13379850,2025-04-10
485,SERENDIB ENGINEERING GROUP PLC,IDL.N0000,,,0.0,0.0,0.0,,23/AUG/2002,,,,,,0.0,32383250,2025-04-10
7,KELSEY DEVELOPMENTS PLC,KDL.N0000,,,0.0,0.0,0.0,,01/JAN/1984,,,,,,0.0,17429274,2025-04-10
2789,AITKEN SPENCE PLANTATION MANAGEMENTS PLC,ASPM.N0000,,,0.0,0.0,0.0,,03/MAY/2013,,,,,,0.0,18792783,2025-04-10
153,STANDARD CAPITAL PLC,SING.N0000,,,0.0,0.0,0.0,,01/JAN/1983,,,,,,0.0,5540828,2025-04-10
1802,BIMPUTH LANKA INVESTMENTS PLC,BLI.N0000,,,0.0,0.0,0.0,,13/JUN/2011,,,,,,0.0,107733344,2025-04-10
2846,ANILANA HOTELS AND PROPERTIES PLC,ALHP.N0000,,,0.0,0.0,0.0,,17/JUL/2013,,,,,,0.0,1281320814,2025-04-10
135,BLUE DIAMONDS JEWELLERY WORLDWIDE PLC,BLUE.N0000,,,0.0,0.0,0.0,,31/MAR/1992,,,,,,0.0,699524300,2025-04-10
